<?xml version="1.0" encoding="UTF-8"?>
<project-private xmlns="http://www.netbeans.org/ns/project-private/1">
    <editor-bookmarks xmlns="http://www.netbeans.org/ns/editor-bookmarks/2" lastBookmarkId="0"/>
    <open-files xmlns="http://www.netbeans.org/ns/projectui-open-files/2">
        <group>
            <file>file:/F:/BELAJAR%20UNTUK%20BERBAGI/kuliah/Semester%203/PBO%20(D)/FP/TicTacToeClientTes/src/TicTacToeClientTes.java</file>
            <file>file:/F:/BELAJAR%20UNTUK%20BERBAGI/kuliah/Semester%203/PBO%20(D)/FP/TicTacToeClientTes/src/TicTacToeServerTest.java</file>
            <file>file:/F:/BELAJAR%20UNTUK%20BERBAGI/kuliah/Semester%203/PBO%20(D)/FP/TicTacToeClientTes/src/TicTacToeClient.java</file>
            <file>file:/F:/BELAJAR%20UNTUK%20BERBAGI/kuliah/Semester%203/PBO%20(D)/FP/TicTacToeClientTes/src/TicTacToeClientTest.java</file>
            <file>file:/F:/BELAJAR%20UNTUK%20BERBAGI/kuliah/Semester%203/PBO%20(D)/FP/TicTacToeClientTes/src/TicTacToeServer.java</file>
        </group>
    </open-files>
</project-private>
